<?xml version="1.0" encoding="utf-8" ?>
<dwsync>
<file name="index.html" server="ftp.sucesiones.org//public_html/" local="129951409021562500" remote="129951517200000000" Dst="0" />
<file name="index.html" server="C:/Documents and Settings/Administrador/Mis documentos/Testing Server/" local="129850227401093750" remote="129850227400000000" Dst="0" />
<file name="enviar_mail.php" server="ftp.sucesiones.org//public_html/" local="129949759410312500" remote="129949912200000000" Dst="0" />
<file name="como_llegar.html" server="ftp.sucesiones.org//public_html/" local="129949758913750000" remote="129950004600000000" Dst="0" />
<file name="preguntas_frecuentes.html" server="ftp.sucesiones.org//public_html/" local="129949759624062500" remote="129950001000000000" Dst="0" />
<file name="quienes_somos.html" server="ftp.sucesiones.org//public_html/" local="129949946287968750" remote="129950053800000000" Dst="0" />
<file name="nuestro_estudio.html" server="ftp.sucesiones.org//public_html/" local="129949759524687500" remote="129950001000000000" Dst="0" />
<file name="servicios_utiles.html" server="ftp.sucesiones.org//public_html/" local="129949759260000000" remote="129950005200000000" Dst="0" />
<file name="contactenos.html" server="ftp.sucesiones.org//public_html/" local="129951316850781250" remote="129951425400000000" Dst="0" />
<file name="enviar_mail.php" server="ftp.sucesion.org//public_html/" local="129951470498750000" remote="129952315800000000" Dst="0" />
<file name="index.html" server="ftp.sucesion.org//public_html/" local="129952342800000000" remote="129952342800000000" Dst="0" />
<file name="como_llegar.html" server="ftp.sucesion.org//public_html/" local="129951469251406250" remote="129952315200000000" Dst="0" />
<file name="contactenos.html" server="ftp.sucesion.org//public_html/" local="129951469885781250" remote="129951582600000000" Dst="0" />
<file name="nuestro_estudio.html" server="ftp.sucesion.org//public_html/" local="129951470942656250" remote="129951589800000000" Dst="0" />
<file name="preguntas_frecuentes.html" server="ftp.sucesion.org//public_html/" local="129951471622343750" remote="129951589800000000" Dst="0" />
<file name="quienes_somos.html" server="ftp.sucesion.org//public_html/" local="129951472115156250" remote="129951589800000000" Dst="0" />
<file name="servicios_utiles.html" server="ftp.sucesion.org//public_html/" local="129951472670468750" remote="129951589800000000" Dst="0" />
</dwsync>