<?xml version="1.0" encoding="utf-8" ?>
<dwsync>
<file name="Cabecera_Sucesiones.swf" server="ftp.sucesiones.org//public_html/" local="129904930190625000" remote="129905059200000000" Dst="0" />
<file name="Info_Inicio_Suceciones.swf" server="ftp.sucesiones.org//public_html/" local="129951411318437500" remote="129951521400000000" Dst="0" />
<file name="Cabecera_Sucesiones.html" server="ftp.sucesiones.org//public_html/" local="129904930191718750" remote="129905059800000000" Dst="0" />
<file name="Info_Inicio_Suceciones.fla" server="ftp.sucesiones.org//public_html/" local="129951385825468750" remote="129951496800000000" Dst="0" />
<file name="Info_Inicio_Suceciones.html" server="ftp.sucesiones.org//public_html/" local="129951385871718750" remote="129951496200000000" Dst="0" />
<file name="Cabecera_Sucesiones.fla" server="ftp.sucesiones.org//public_html/" local="129904937825312500" remote="129905059800000000" Dst="0" />
<file name="presentacion1.swf" server="ftp.sucesiones.org//public_html/" local="129831466693437500" remote="129910845600000000" Dst="0" />
<file name="Info_Mensaje_Enviado_Suceciones.html" server="ftp.sucesiones.org//public_html/" local="129910712898593750" remote="129910861800000000" Dst="0" />
<file name="Info_Mensaje_Enviado_Suceciones.swf" server="ftp.sucesiones.org//public_html/" local="129910712897500000" remote="129910861800000000" Dst="0" />
<file name="Info_Mensaje_Enviado_Suceciones.fla" server="ftp.sucesiones.org//public_html/" local="129910712856250000" remote="129912970200000000" Dst="0" />
<file name="Info_Preguntas_Frecuentes_Sucesiones.swf" server="ftp.sucesiones.org//public_html/" local="129915192386093750" remote="129915304200000000" Dst="0" />
<file name="Info_Preguntas_Frecuentes_Suceciones.html" server="ftp.sucesiones.org//public_html/" local="129915192387500000" remote="129915303600000000" Dst="0" />
<file name="Info_Preguntas_Frecuentes_Suceciones.fla" server="ftp.sucesiones.org//public_html/" local="129915192350468750" remote="129915304200000000" Dst="0" />
<file name="Info_Quienes_Somos_Sucesiones.swf" server="ftp.sucesiones.org//public_html/" local="129949945897500000" remote="129950054400000000" Dst="0" />
<file name="Info_Quienes_Somos_Sucesiones.fla" server="ftp.sucesiones.org//public_html/" local="129917993296406250" remote="129918101400000000" Dst="0" />
<file name="Info_Quienes_Somos_Sucesiones.html" server="ftp.sucesiones.org//public_html/" local="129917993323750000" remote="129918101400000000" Dst="0" />
<file name="Titulo_Contactenos_Sucesiones.fla" server="ftp.sucesiones.org//public_html/" local="129912402890312500" remote="129915129000000000" Dst="0" />
<file name="Titulo_Contactenos_Sucesiones.html" server="ftp.sucesiones.org//public_html/" local="129912402946875000" remote="129915129000000000" Dst="0" />
<file name="Titulo_Contactenos_Sucesiones.swf" server="ftp.sucesiones.org//public_html/" local="129912402946093750" remote="129915129000000000" Dst="0" />
<file name="Titulo_Links_Sucesiones.fla" server="ftp.sucesiones.org//public_html/" local="129910064295312500" remote="129915129000000000" Dst="0" />
<file name="Titulo_Links_Sucesiones.html" server="ftp.sucesiones.org//public_html/" local="129910064348125000" remote="129915129000000000" Dst="0" />
<file name="Titulo_Links_Sucesiones.swf" server="ftp.sucesiones.org//public_html/" local="129910064347343750" remote="129915129600000000" Dst="0" />
<file name="Info_Nuestro_Estudio.swf" server="ftp.sucesiones.org//public_html/" local="129944836277732811" remote="129944944200000000" Dst="0" />
<file name="Info_Servicios_Utiles.swf" server="ftp.sucesiones.org//public_html/" local="129949747321718750" remote="129950000400000000" Dst="0" />
<file name="Info_Nuestro_Estudio.html" server="ftp.sucesiones.org//public_html/" local="129944836278514061" remote="129949852200000000" Dst="0" />
<file name="Info_Servicios_Utiles.html" server="ftp.sucesiones.org//public_html/" local="129949747322968750" remote="129950000400000000" Dst="0" />
<file name="Info_Nuestro_Estudio.fla" server="ftp.sucesiones.org//public_html/" local="129944834310857811" remote="129949999800000000" Dst="0" />
<file name="Info_Servicios_Utiles.fla" server="ftp.sucesiones.org//public_html/" local="129949732263281250" remote="129950000400000000" Dst="0" />
<file name="Info_Mensaje_Enviado_Suceciones.swf" server="ftp.sucesion.org//public_html/" local="129910712897500000" remote="129952315800000000" Dst="0" />
<file name="Info_Inicio_Suceciones.swf" server="ftp.sucesion.org//public_html/" local="129951411318437500" remote="129951558000000000" Dst="0" />
<file name="presentacion1.swf" server="ftp.sucesion.org//public_html/" local="129831466693437500" remote="129952315800000000" Dst="0" />
<file name="Cabecera_Sucesion.html" server="ftp.sucesion.org//public_html/" local="129951451270000000" remote="129952328400000000" Dst="0" />
<file name="Cabecera_Sucesion.swf" server="ftp.sucesion.org//public_html/" local="129951451269062500" remote="129951586200000000" Dst="0" />
<file name="Cabecera_Sucesiones.html" server="ftp.sucesion.org//public_html/" local="129904930191718750" remote="129951586200000000" Dst="0" />
<file name="Cabecera_Sucesiones.swf" server="ftp.sucesion.org//public_html/" local="129951451017968750" remote="129951586800000000" Dst="0" />
<file name="Info_Inicio_Sucecion.fla" server="ftp.sucesion.org//public_html/" local="129951452022031250" remote="129951586800000000" Dst="0" />
<file name="Info_Inicio_Suceciones.fla" server="ftp.sucesion.org//public_html/" local="129951411297187500" remote="129951586800000000" Dst="0" />
<file name="Info_Inicio_Suceciones.html" server="ftp.sucesion.org//public_html/" local="129951411319062500" remote="129951586800000000" Dst="0" />
<file name="Cabecera_Sucesion.fla" server="ftp.sucesion.org//public_html/" local="129951451239843750" remote="129951586800000000" Dst="0" />
<file name="Info_Mensaje_Enviado_Sucecion.fla" server="ftp.sucesion.org//public_html/" local="129951452518593750" remote="129952329000000000" Dst="0" />
<file name="Info_Mensaje_Enviado_Sucecion.html" server="ftp.sucesion.org//public_html/" local="129951452560937500" remote="129952330200000000" Dst="0" />
<file name="Info_Mensaje_Enviado_Sucecion.swf" server="ftp.sucesion.org//public_html/" local="129951452560000000" remote="129951587400000000" Dst="0" />
<file name="Info_Mensaje_Enviado_Suceciones.fla" server="ftp.sucesion.org//public_html/" local="129910712856250000" remote="129951587400000000" Dst="0" />
<file name="Info_Mensaje_Enviado_Suceciones.html" server="ftp.sucesion.org//public_html/" local="129910712898593750" remote="129951587400000000" Dst="0" />
<file name="Info_Nuestro_Estudio.html" server="ftp.sucesion.org//public_html/" local="129951455882187500" remote="129951587400000000" Dst="0" />
<file name="Cabecera_Sucesiones.fla" server="ftp.sucesion.org//public_html/" local="129904937825312500" remote="129951587400000000" Dst="0" />
<file name="Info_Nuestro_Estudio.fla" server="ftp.sucesion.org//public_html/" local="129951455840312500" remote="129951587400000000" Dst="0" />
<file name="Info_Nuestro_Estudio.swf" server="ftp.sucesion.org//public_html/" local="129951455881093750" remote="129951588000000000" Dst="0" />
<file name="Info_Preguntas_Frecuentes_Sucecion.html" server="ftp.sucesion.org//public_html/" local="129951457068125000" remote="129951588000000000" Dst="0" />
<file name="Info_Preguntas_Frecuentes_Sucecion.fla" server="ftp.sucesion.org//public_html/" local="129951457028593750" remote="129951588000000000" Dst="0" />
<file name="Info_Preguntas_Frecuentes_Suceciones.html" server="ftp.sucesion.org//public_html/" local="129951456791875000" remote="129951588000000000" Dst="0" />
<file name="Info_Preguntas_Frecuentes_Sucesion.swf" server="ftp.sucesion.org//public_html/" local="129951457067187500" remote="129952317600000000" Dst="0" />
<file name="Info_Preguntas_Frecuentes_Suceciones.fla" server="ftp.sucesion.org//public_html/" local="129951456733593750" remote="129951588000000000" Dst="0" />
<file name="Info_Preguntas_Frecuentes_Sucesiones.swf" server="ftp.sucesion.org//public_html/" local="129951456790937500" remote="129952317600000000" Dst="0" />
<file name="Info_Quienes_Somos_Sucesion.html" server="ftp.sucesion.org//public_html/" local="129951457451250000" remote="129951588000000000" Dst="0" />
<file name="Info_Quienes_Somos_Sucesion.swf" server="ftp.sucesion.org//public_html/" local="129951457450000000" remote="129951588000000000" Dst="0" />
<file name="Info_Quienes_Somos_Sucesiones.html" server="ftp.sucesion.org//public_html/" local="129949945898593750" remote="129951588600000000" Dst="0" />
<file name="Info_Quienes_Somos_Sucesiones.swf" server="ftp.sucesion.org//public_html/" local="129949945897500000" remote="129951588600000000" Dst="0" />
<file name="Info_Quienes_Somos_Sucesion.fla" server="ftp.sucesion.org//public_html/" local="129951457407187500" remote="129951588600000000" Dst="0" />
<file name="Info_Servicios_Utiles.html" server="ftp.sucesion.org//public_html/" local="129951458828906250" remote="129951589200000000" Dst="0" />
<file name="Info_Quienes_Somos_Sucesiones.fla" server="ftp.sucesion.org//public_html/" local="129949945849062500" remote="129951589200000000" Dst="0" />
<file name="Info_Servicios_Utiles.fla" server="ftp.sucesion.org//public_html/" local="129951458806406250" remote="129951589200000000" Dst="0" />
<file name="Info_Servicios_Utiles.swf" server="ftp.sucesion.org//public_html/" local="129951458827968750" remote="129951589200000000" Dst="0" />
<file name="Titulo_Contactenos_Sucesiones.html" server="ftp.sucesion.org//public_html/" local="129912402946875000" remote="129951589200000000" Dst="0" />
<file name="Titulo_Contactenos_Sucesiones.swf" server="ftp.sucesion.org//public_html/" local="129912402946093750" remote="129951589200000000" Dst="0" />
<file name="Titulo_Contactenos_Sucesiones.fla" server="ftp.sucesion.org//public_html/" local="129912402890312500" remote="129951589200000000" Dst="0" />
<file name="Titulo_Links_Sucesiones.html" server="ftp.sucesion.org//public_html/" local="129910064348125000" remote="129952317600000000" Dst="0" />
<file name="Titulo_Links_Sucesiones.swf" server="ftp.sucesion.org//public_html/" local="129910064347343750" remote="129952317600000000" Dst="0" />
<file name="Titulo_Links_Sucesiones.fla" server="ftp.sucesion.org//public_html/" local="129910064295312500" remote="129951589200000000" Dst="0" />
</dwsync>