<?xml version="1.0" encoding="utf-8" ?>
<dwsync>
<file name="logo.jpg" server="C:/Documents and Settings/Administrador/Mis documentos/Testing Server/" local="129900703952812500" remote="129900703950000000" Dst="0" />
<file name="logo.jpg" server="ftp.sucesiones.org//public_html/" local="129900703952812500" remote="129901320000000000" Dst="0" />
<file name="logo_Anses.jpg" server="ftp.sucesiones.org//public_html/" local="129913684675625000" remote="129913800000000000" Dst="0" />
<file name="logo_afip.jpg" server="ftp.sucesiones.org//public_html/" local="129913684386718750" remote="129913800000000000" Dst="0" />
<file name="logo_afip.gif" server="ftp.sucesiones.org//public_html/" local="129909947263125000" remote="129910254600000000" Dst="0" />
<file name="boletin_oficial.gif" server="ftp.sucesiones.org//public_html/" local="129913683577812500" remote="129913800000000000" Dst="0" />
<file name="Logo_Cedom.gif" server="ftp.sucesiones.org//public_html/" local="129913684955156250" remote="129913800000000000" Dst="0" />
<file name="logo_CPACF.jpg" server="ftp.sucesiones.org//public_html/" local="129913685218437500" remote="129913800000000000" Dst="0" />
<file name="logo_suprema_corte.jpg" server="ftp.sucesiones.org//public_html/" local="129913687221718750" remote="129913800000000000" Dst="0" />
<file name="logo_infoleg.jpg" server="ftp.sucesiones.org//public_html/" local="129913685501875000" remote="129913800000000000" Dst="0" />
<file name="logo_ministerio_justicia.jpg" server="ftp.sucesiones.org//public_html/" local="129913686305000000" remote="129913800000000000" Dst="0" />
<file name="logo_poder_judicial.jpg" server="ftp.sucesiones.org//public_html/" local="129913686700156250" remote="129913800000000000" Dst="0" />
<file name="logo_poder_judicial_ba.jpg" server="ftp.sucesiones.org//public_html/" local="129913686978437500" remote="129913800000000000" Dst="0" />
<file name="boletin_oficial_republica_argentina.gif" server="ftp.sucesiones.org//public_html/" local="129909874395000000" remote="129910254600000000" Dst="0" />
<file name="Facebook_icon.png" server="ftp.sucesiones.org//public_html/" local="129909835809531250" remote="129910254600000000" Dst="0" />
<file name="logo_cedom.gif" server="ftp.sucesiones.org//public_html/" local="129913684955156250" remote="129913800000000000" Dst="0" />
<file name="logo_poder_judicial.gif" server="ftp.sucesiones.org//public_html/" local="129910044374531250" remote="129910254600000000" Dst="0" />
<file name="mail_icon.png" server="ftp.sucesiones.org//public_html/" local="129909772216093750" remote="129910254600000000" Dst="0" />
<file name="map_icon.png" server="ftp.sucesiones.org//public_html/" local="129909792460468750" remote="129910254600000000" Dst="0" />
<file name="nokia-maps-icon-thumb.png" server="ftp.sucesiones.org//public_html/" local="129909789250000000" remote="129910254600000000" Dst="0" />
<file name="Logo_Inicio.gif" server="ftp.sucesiones.org//public_html/" local="129911083274531250" remote="129912970200000000" Dst="0" />
<file name="fondo_contacto.png" server="ftp.sucesiones.org//public_html/" local="129914543844531250" remote="129914651400000000" Dst="0" />
<file name="DSC_1380.gif" server="ftp.sucesiones.org//public_html/" local="129831466547500000" remote="129915127200000000" Dst="0" />
<file name="linkedin_logo.jpg" server="ftp.sucesiones.org//public_html/" local="129914978583281250" remote="129915127200000000" Dst="0" />
<file name="DSC_1439.gif" server="ftp.sucesiones.org//public_html/" local="129831466548593750" remote="129915127200000000" Dst="0" />
<file name="estudio.gif" server="ftp.sucesiones.org//public_html/" local="129917971202187500" remote="129918087000000000" Dst="0" />
<file name="estudio.png" server="ftp.sucesiones.org//public_html/" local="129917966413750000" remote="129918087000000000" Dst="0" />
<file name="Pluma.png" server="ftp.sucesiones.org//public_html/" local="129917986685937500" remote="129918101400000000" Dst="0" />
<file name="estudioRef.gif" server="ftp.sucesiones.org//public_html/" local="129944833991795311" remote="129949999200000000" Dst="0" />
<file name="logo_CPACF.jpg" server="ftp.sucesion.org//public_html/" local="129913685218437500" remote="129952348200000000" Dst="0" />
<file name="boletin_oficial.gif" server="ftp.sucesion.org//public_html/" local="129913683577812500" remote="129952361400000000" Dst="0" />
<file name="logo_suprema_corte.jpg" server="ftp.sucesion.org//public_html/" local="129913687221718750" remote="129952315800000000" Dst="0" />
<file name="logo_ministerio_justicia.jpg" server="ftp.sucesion.org//public_html/" local="129913686305000000" remote="129952348200000000" Dst="0" />
<file name="logo_poder_judicial.jpg" server="ftp.sucesion.org//public_html/" local="129913686700156250" remote="129952315800000000" Dst="0" />
<file name="logo_poder_judicial_ba.jpg" server="ftp.sucesion.org//public_html/" local="129913686978437500" remote="129952315800000000" Dst="0" />
<file name="Logo_Cedom.gif" server="ftp.sucesion.org//public_html/" local="129913684955156250" remote="129952315800000000" Dst="0" />
<file name="logo_infoleg.jpg" server="ftp.sucesion.org//public_html/" local="129913685501875000" remote="129952348200000000" Dst="0" />
<file name="fondo_contacto.png" server="ftp.sucesion.org//public_html/" local="129914543844531250" remote="129952315800000000" Dst="0" />
<file name="Rotulo_Sucesion2.jpg" server="ftp.sucesion.org//public_html/" local="129912384581093750" remote="129952315800000000" Dst="0" />
<file name="Contacto_telefonico_sucesion.jpg" server="ftp.sucesion.org//public_html/" local="129912415775781250" remote="129952348200000000" Dst="0" />
<file name="Contacto_mail_sucesion.jpg" server="ftp.sucesion.org//public_html/" local="129914555234531250" remote="129952348200000000" Dst="0" />
<file name="Contacto_direccion_sucesion.jpg" server="ftp.sucesion.org//public_html/" local="129912415425312500" remote="129952348200000000" Dst="0" />
<file name="Contacto_facebook_sucesion.jpg" server="ftp.sucesion.org//public_html/" local="129912415563593750" remote="129952315800000000" Dst="0" />
<file name="Pluma.png" server="ftp.sucesion.org//public_html/" local="129917986685937500" remote="129952348800000000" Dst="0" />
<file name="boletin_oficial_republica_argentina.gif" server="ftp.sucesion.org//public_html/" local="129909874395000000" remote="129952348200000000" Dst="0" />
<file name="DSC_1380.gif" server="ftp.sucesion.org//public_html/" local="129831466547500000" remote="129952315800000000" Dst="0" />
<file name="DSC_1380.png" server="ftp.sucesion.org//public_html/" local="129949931088281250" remote="129952348200000000" Dst="0" />
<file name="DSC_1439.png" server="ftp.sucesion.org//public_html/" local="129949937912812500" remote="129952348200000000" Dst="0" />
<file name="DSC_1439.gif" server="ftp.sucesion.org//public_html/" local="129831466548593750" remote="129952348200000000" Dst="0" />
<file name="estudio.gif" server="ftp.sucesion.org//public_html/" local="129917971202187500" remote="129952348200000000" Dst="0" />
<file name="estudio.png" server="ftp.sucesion.org//public_html/" local="129917966413750000" remote="129952316400000000" Dst="0" />
<file name="Facebook_icon.png" server="ftp.sucesion.org//public_html/" local="129909835809531250" remote="129952316400000000" Dst="0" />
<file name="estudioRef.gif" server="ftp.sucesion.org//public_html/" local="129944833991795311" remote="129951583800000000" Dst="0" />
<file name="estudioRef.png" server="ftp.sucesion.org//public_html/" local="129944829372576561" remote="129952316400000000" Dst="0" />
<file name="linkedin_logo.jpg" server="ftp.sucesion.org//public_html/" local="129914978583281250" remote="129952316400000000" Dst="0" />
<file name="logo_afip.gif" server="ftp.sucesion.org//public_html/" local="129909947263125000" remote="129952316400000000" Dst="0" />
<file name="logo.jpg" server="ftp.sucesion.org//public_html/" local="129900703952812500" remote="129952316400000000" Dst="0" />
<file name="logo_afip.jpg" server="ftp.sucesion.org//public_html/" local="129913684386718750" remote="129952348200000000" Dst="0" />
<file name="logo_Anses.jpg" server="ftp.sucesion.org//public_html/" local="129913684675625000" remote="129952348200000000" Dst="0" />
<file name="logo_cedom.gif" server="ftp.sucesion.org//public_html/" local="129913684955156250" remote="129952348200000000" Dst="0" />
<file name="Logo_Inicio.gif" server="ftp.sucesion.org//public_html/" local="129911083274531250" remote="129952348800000000" Dst="0" />
<file name="logo_poder_judicial.gif" server="ftp.sucesion.org//public_html/" local="129910044374531250" remote="129952348800000000" Dst="0" />
<file name="mail_icon.png" server="ftp.sucesion.org//public_html/" local="129909772216093750" remote="129952348800000000" Dst="0" />
<file name="map_icon.png" server="ftp.sucesion.org//public_html/" local="129909792460468750" remote="129952348800000000" Dst="0" />
<file name="nokia-maps-icon-thumb.png" server="ftp.sucesion.org//public_html/" local="129909789250000000" remote="129952348800000000" Dst="0" />
<file name="telefono_verde_sucesion.png" server="ftp.sucesion.org//public_html/" local="129908499597500000" remote="129951586200000000" Dst="0" />
<file name="shaking-hands.jpg" server="ftp.sucesion.org//public_html/" local="129949731853437500" remote="129951586200000000" Dst="0" />
</dwsync>