<?xml version="1.0" encoding="utf-8" ?>
<dwsync>
<file name="form_mail.txt" server="ftp.sucesiones.org//public_html/" local="129906778092491250" remote="129910861800000000" Dst="0" />
<file name="FRAME_GOOGLE_MAP.txt" server="ftp.sucesiones.org//public_html/" local="129911149830937500" remote="129912970200000000" Dst="0" />
<file name="index_nuevo.html" server="ftp.sucesiones.org//public_html/" local="129910751830781250" remote="129910861800000000" Dst="0" />
<file name="LINKS.txt" server="ftp.sucesiones.org//public_html/" local="129904889772812500" remote="129910861800000000" Dst="0" />
<file name="form_mail.txt" server="ftp.sucesion.org//public_html/" local="129906778092491250" remote="129952315800000000" Dst="0" />
<file name="index_nuevo.html" server="ftp.sucesion.org//public_html/" local="129910751830781250" remote="129951582000000000" Dst="0" />
<file name="FRAME_GOOGLE_MAP.txt" server="ftp.sucesion.org//public_html/" local="129911149830937500" remote="129952315800000000" Dst="0" />
<file name="LINKS.txt" server="ftp.sucesion.org//public_html/" local="129904889772812500" remote="129952318800000000" Dst="0" />
</dwsync>