<?xml version="1.0" encoding="utf-8" ?>
<dwsync>
<file name="B_Inicio.swf" server="C:/Documents and Settings/Administrador/Mis documentos/Testing Server/" local="129900670238593750" remote="129900670230000000" Dst="0" />
<file name="B_Quienes_Somos.swf" server="C:/Documents and Settings/Administrador/Mis documentos/Testing Server/" local="129900670587187500" remote="129900670580000000" Dst="0" />
<file name="B_Nuestro_Estudio.swf" server="C:/Documents and Settings/Administrador/Mis documentos/Testing Server/" local="129900670856093750" remote="129900670850000000" Dst="0" />
<file name="B_Inicio.html" server="C:/Documents and Settings/Administrador/Mis documentos/Testing Server/" local="129900670239375000" remote="129900670230000000" Dst="0" />
<file name="B_Nuestro_Estudio.html" server="C:/Documents and Settings/Administrador/Mis documentos/Testing Server/" local="129900670857031250" remote="129900670850000000" Dst="0" />
<file name="B_Quienes_Somos.html" server="C:/Documents and Settings/Administrador/Mis documentos/Testing Server/" local="129900670588125000" remote="129900670580000000" Dst="0" />
<file name="B_Inicio.fla" server="C:/Documents and Settings/Administrador/Mis documentos/Testing Server/" local="129900670407968750" remote="129900670400000000" Dst="0" />
<file name="B_Nuestro_Estudio.fla" server="C:/Documents and Settings/Administrador/Mis documentos/Testing Server/" local="129900670824062500" remote="129900670820000000" Dst="0" />
<file name="B_Quienes_Somos.fla" server="C:/Documents and Settings/Administrador/Mis documentos/Testing Server/" local="129900670826250000" remote="129900670820000000" Dst="0" />
<file name="B_Inicio.swf" server="ftp.sucesiones.org//public_html/" local="129914472032812500" remote="129914580000000000" Dst="0" />
<file name="B_Quienes_Somos.swf" server="ftp.sucesiones.org//public_html/" local="129914479466875000" remote="129914589000000000" Dst="0" />
<file name="B_Nuestro_Estudio.swf" server="ftp.sucesiones.org//public_html/" local="129914477514843750" remote="129914589000000000" Dst="0" />
<file name="B_Inicio.fla" server="ftp.sucesiones.org//public_html/" local="129914472000000000" remote="129914668200000000" Dst="0" />
<file name="B_Inicio.html" server="ftp.sucesiones.org//public_html/" local="129914472033906250" remote="129914668200000000" Dst="0" />
<file name="B_Nuestro_Estudio.fla" server="ftp.sucesiones.org//public_html/" local="129914477483281250" remote="129914668200000000" Dst="0" />
<file name="B_Nuestro_Estudio.html" server="ftp.sucesiones.org//public_html/" local="129914477515468750" remote="129914668200000000" Dst="0" />
<file name="B_Quienes_Somos.fla" server="ftp.sucesiones.org//public_html/" local="129914479439218750" remote="129914668200000000" Dst="0" />
<file name="B_Quienes_Somos.html" server="ftp.sucesiones.org//public_html/" local="129914479467968750" remote="129914668200000000" Dst="0" />
<file name="B_Inicio_B_Nuestro_Estudio.swf" server="ftp.sucesiones.org//public_html/" local="129901318833125000" remote="129901699200000000" Dst="0" />
<file name="Titulo_Sucesiones.swf" server="ftp.sucesiones.org//public_html/" local="129912390618125000" remote="129950005800000000" Dst="0" />
<file name="B_Servicios_Utiles.swf" server="ftp.sucesiones.org//public_html/" local="129914480161406250" remote="129914589000000000" Dst="0" />
<file name="B_Preguntas_Frecuentes.swf" server="ftp.sucesiones.org//public_html/" local="129914478789687500" remote="129914589000000000" Dst="0" />
<file name="B_Contactenos.swf" server="ftp.sucesiones.org//public_html/" local="129914468561718750" remote="129914576400000000" Dst="0" />
<file name="B_Como_Llegar.swf" server="ftp.sucesiones.org//public_html/" local="129914466567656250" remote="129914575200000000" Dst="0" />
<file name="B_Como_Llegar.fla" server="ftp.sucesiones.org//public_html/" local="129914466527656250" remote="129914668200000000" Dst="0" />
<file name="B_Como_Llegar.html" server="ftp.sucesiones.org//public_html/" local="129914466568593750" remote="129914668200000000" Dst="0" />
<file name="B_Contactenos.fla" server="ftp.sucesiones.org//public_html/" local="129914468531093750" remote="129914668200000000" Dst="0" />
<file name="B_Contactenos.html" server="ftp.sucesiones.org//public_html/" local="129914468562500000" remote="129914668200000000" Dst="0" />
<file name="B_Preguntas_Frecuentes.fla" server="ftp.sucesiones.org//public_html/" local="129914478761562500" remote="129914668200000000" Dst="0" />
<file name="B_Preguntas_Frecuentes.html" server="ftp.sucesiones.org//public_html/" local="129914478790625000" remote="129914668200000000" Dst="0" />
<file name="B_Servicios_Utiles.fla" server="ftp.sucesiones.org//public_html/" local="129914480131093750" remote="129914668200000000" Dst="0" />
<file name="B_Servicios_Utiles.html" server="ftp.sucesiones.org//public_html/" local="129914480162187500" remote="129914668200000000" Dst="0" />
<file name="Titulo_Sucesiones.fla" server="ftp.sucesiones.org//public_html/" local="129912390548125000" remote="129912970200000000" Dst="0" />
<file name="Titulo_Sucesiones.html" server="ftp.sucesiones.org//public_html/" local="129912390619218750" remote="129912970200000000" Dst="0" />
<file name="swfobject.js" server="ftp.sucesiones.org//public_html/" local="129776138980000000" remote="129912970200000000" Dst="0" />
<file name="B_Inicio_Escena 1.swf" server="ftp.sucesiones.org//public_html/" local="129910931331250000" remote="129912970200000000" Dst="0" />
<file name="Titulo_Sucesiones.swf" server="ftp.sucesion.org//public_html/" local="129912390618125000" remote="129952315800000000" Dst="0" />
<file name="B_Inicio.swf" server="ftp.sucesion.org//public_html/" local="129952162303906250" remote="129952315800000000" Dst="0" />
<file name="B_Quienes_Somos.swf" server="ftp.sucesion.org//public_html/" local="129951461670156250" remote="129952315800000000" Dst="0" />
<file name="B_Nuestro_Estudio.swf" server="ftp.sucesion.org//public_html/" local="129951461092812500" remote="129952315800000000" Dst="0" />
<file name="B_Preguntas_Frecuentes.swf" server="ftp.sucesion.org//public_html/" local="129951461360000000" remote="129952315800000000" Dst="0" />
<file name="B_Servicios_Utiles.swf" server="ftp.sucesion.org//public_html/" local="129951461882343750" remote="129952315800000000" Dst="0" />
<file name="B_Contactenos.swf" server="ftp.sucesion.org//public_html/" local="129951460619375000" remote="129952315800000000" Dst="0" />
<file name="B_Como_Llegar.swf" server="ftp.sucesion.org//public_html/" local="129951460260781250" remote="129952315800000000" Dst="0" />
<file name="B_Como_Llegar.fla" server="ftp.sucesion.org//public_html/" local="129951460231250000" remote="129951589200000000" Dst="0" />
<file name="B_Como_Llegar.html" server="ftp.sucesion.org//public_html/" local="129951460261718750" remote="129951589200000000" Dst="0" />
<file name="B_Contactenos.fla" server="ftp.sucesion.org//public_html/" local="129951460584218750" remote="129951589200000000" Dst="0" />
<file name="B_Contactenos.html" server="ftp.sucesion.org//public_html/" local="129951460620000000" remote="129951589200000000" Dst="0" />
<file name="B_Inicio.fla" server="ftp.sucesion.org//public_html/" local="129951460843593750" remote="129951589200000000" Dst="0" />
<file name="B_Inicio.html" server="ftp.sucesion.org//public_html/" local="129951460873593750" remote="129951589200000000" Dst="0" />
<file name="B_Inicio_B_Nuestro_Estudio.swf" server="ftp.sucesion.org//public_html/" local="129901318833125000" remote="129951589200000000" Dst="0" />
<file name="swfobject.js" server="ftp.sucesion.org//public_html/" local="129776138980000000" remote="129951589800000000" Dst="0" />
<file name="B_Inicio_Escena 1.swf" server="ftp.sucesion.org//public_html/" local="129951375329843750" remote="129951589800000000" Dst="0" />
<file name="B_Nuestro_Estudio.fla" server="ftp.sucesion.org//public_html/" local="129951461062343750" remote="129951589800000000" Dst="0" />
<file name="B_Nuestro_Estudio.html" server="ftp.sucesion.org//public_html/" local="129951461093437500" remote="129951589800000000" Dst="0" />
<file name="B_Preguntas_Frecuentes.fla" server="ftp.sucesion.org//public_html/" local="129951461329531250" remote="129952318200000000" Dst="0" />
<file name="B_Preguntas_Frecuentes.html" server="ftp.sucesion.org//public_html/" local="129951461360937500" remote="129951589800000000" Dst="0" />
<file name="B_Quienes_Somos.fla" server="ftp.sucesion.org//public_html/" local="129951461637656250" remote="129951589800000000" Dst="0" />
<file name="B_Quienes_Somos.html" server="ftp.sucesion.org//public_html/" local="129951461671093750" remote="129951589800000000" Dst="0" />
<file name="B_Servicios_Utiles.fla" server="ftp.sucesion.org//public_html/" local="129951461858125000" remote="129951589800000000" Dst="0" />
<file name="B_Servicios_Utiles.html" server="ftp.sucesion.org//public_html/" local="129951461883281250" remote="129951589800000000" Dst="0" />
<file name="Titulo_Sucesiones.html" server="ftp.sucesion.org//public_html/" local="129912390619218750" remote="129951589800000000" Dst="0" />
<file name="Titulo_Sucesiones.fla" server="ftp.sucesion.org//public_html/" local="129912390548125000" remote="129951589800000000" Dst="0" />
</dwsync>